<application>
  <component name="com.intellij.ide.ui.customization.CustomActionsSchema">
    <group value="SearchEverywhere" is_action="true" action_type="-1" position="11">
      <path value="root" />
      <path value="Main Toolbar" />
      <option name="myInitialPosition" value="-1" />
    </group>
    <group value="ToolbarRunGroup" is_group="true" action_type="-1" position="7">
      <path value="root" />
      <path value="Main Toolbar" />
      <option name="myInitialPosition" value="-1" />
    </group>
    <group value="SaveAll" is_action="true" action_type="-1" position="5">
      <path value="root" />
      <path value="Main menu" />
      <path value="File" />
      <option name="myInitialPosition" value="-1" />
    </group>
    <group value="AttachProject" is_action="true" action_type="-1" position="3">
      <path value="root" />
      <path value="Main menu" />
      <path value="File" />
      <path value="File Open Actions" />
      <option name="myInitialPosition" value="-1" />
    </group>
    <group value="SaveAs" is_action="true" action_type="-1" position="2">
      <path value="root" />
      <path value="Main menu" />
      <path value="File" />
      <path value="File Open Actions" />
      <option name="myInitialPosition" value="-1" />
    </group>
    <group value="SaveAll" is_action="true" action_type="1" position="1">
      <path value="root" />
      <path value="Main menu" />
      <path value="File" />
      <option name="myInitialPosition" value="-1" />
    </group>
    <group value="SaveAs" is_action="true" action_type="1" position="2">
      <path value="root" />
      <path value="Main menu" />
      <path value="File" />
      <option name="myInitialPosition" value="-1" />
    </group>
    <group value="$SelectAll" is_action="true" action_type="1" position="2">
      <path value="root" />
      <path value="Main menu" />
      <path value="Edit" />
      <option name="myInitialPosition" value="-1" />
    </group>
    <group value="$SelectAll" is_action="true" action_type="1" position="2">
      <path value="root" />
      <path value="Editor Popup Menu" />
      <path value="ShowIntentionsGroup" />
      <option name="myInitialPosition" value="-1" />
    </group>
    <group value="AttachProject" is_action="true" action_type="1" position="3">
      <path value="root" />
      <path value="Main menu" />
      <path value="File" />
      <path value="File Open Actions" />
      <option name="myInitialPosition" value="-1" />
    </group>
    <group value="EditorDelete" is_action="true" action_type="1" position="3">
      <path value="root" />
      <path value="Editor Popup Menu" />
      <path value="ShowIntentionsGroup" />
      <option name="myInitialPosition" value="-1" />
    </group>
    <group value="EditorToggleCase" is_action="true" action_type="1" position="4">
      <path value="root" />
      <path value="Main menu" />
      <path value="File" />
      <path value="File Properties" />
      <option name="myInitialPosition" value="-1" />
    </group>
    <group seperator="true" action_type="1" position="7">
      <path value="root" />
      <path value="Main Toolbar" />
      <option name="myInitialPosition" value="-1" />
    </group>
    <group value="$Undo" is_action="true" action_type="1" position="8">
      <path value="root" />
      <path value="Main Toolbar" />
      <option name="myInitialPosition" value="-1" />
    </group>
    <group value="$Redo" is_action="true" action_type="1" position="9">
      <path value="root" />
      <path value="Main Toolbar" />
      <option name="myInitialPosition" value="-1" />
    </group>
    <group seperator="true" action_type="1" position="12">
      <path value="root" />
      <path value="Main Toolbar" />
      <option name="myInitialPosition" value="-1" />
    </group>
    <group value="ChooseDebugConfiguration" is_action="true" action_type="1" position="13">
      <path value="root" />
      <path value="Main Toolbar" />
      <option name="myInitialPosition" value="-1" />
    </group>
    <group value="Run" is_action="true" action_type="1" position="14">
      <path value="root" />
      <path value="Main Toolbar" />
      <option name="myInitialPosition" value="-1" />
    </group>
    <group value="ExternalSystem.RunTask" is_action="true" action_type="1" position="15">
      <path value="root" />
      <path value="Main Toolbar" />
      <option name="myInitialPosition" value="-1" />
    </group>
    <group seperator="true" action_type="1" position="16">
      <path value="root" />
      <path value="Main Toolbar" />
      <option name="myInitialPosition" value="-1" />
    </group>
    <group value="CommentByLineComment" is_action="true" action_type="1" position="17">
      <path value="root" />
      <path value="Main Toolbar" />
      <option name="myInitialPosition" value="-1" />
    </group>
    <group value="EditorToggleCase" is_action="true" action_type="1" position="18">
      <path value="root" />
      <path value="Main Toolbar" />
      <option name="myInitialPosition" value="-1" />
    </group>
    <group value="Replace" is_action="true" action_type="1" position="20">
      <path value="root" />
      <path value="Main Toolbar" />
      <option name="myInitialPosition" value="-1" />
    </group>
    <group value="Find" is_action="true" action_type="1" position="21">
      <path value="root" />
      <path value="Main Toolbar" />
      <option name="myInitialPosition" value="-1" />
    </group>
    <group seperator="true" action_type="1" position="22">
      <path value="root" />
      <path value="Main Toolbar" />
      <option name="myInitialPosition" value="-1" />
    </group>
    <action id="EditorToggleCase" icon="$APPLICATION_HOME_DIR$/lib/actions/matchCaseHovered.svg" />
    <action id="CommentByLineComment" icon="$APPLICATION_HOME_DIR$/lib/general/balloon_dark.svg" />
  </component>
</application>