<application>
  <component name="FileTypeManager" version="17">
    <ignoreFiles list="*$py.class;*.hprof;*.pyc;*.pyo;*.rbc;*.yarb;*~;.DS_Store;.git;.hg;.svn;CVS;__pycache__;_svn;vssver.scc;vssver2.scc;" />
    <extensionMap>
      <mapping pattern="urls" type="ARCHIVE" />
      <mapping pattern="rss_games_2" type="Bash" />
      <mapping pattern="Arch Install" type="Bash" />
      <mapping pattern="Howto Arch" type="Bash" />
      <mapping pattern="Arch Install.txt" type="Bash" />
      <mapping ext="exe" type="GitExclude file" />
      <mapping pattern="config" type="Ini" />
      <mapping pattern="skydrow" type="PLAIN_TEXT" />
      <mapping pattern=".data" type="PLAIN_TEXT" />
      <mapping ext="dat" type="PLAIN_TEXT" />
      <mapping ext="pyo" type="PLAIN_TEXT" />
      <mapping pattern="attribWin10" type="Shell Script" />
      <mapping pattern="WebGrab++.config.xml" type="XML" />
      <mapping pattern="ls_YT" type="XML" />
      <mapping pattern="gh" type="XML" />
    </extensionMap>
  </component>
</application>